{"sane": true, "normalizes": true, "log_prob": -843.1230303682387, "avg_log_prob": -1.6862460607364773, "perplexity": 5.399174441810316}